{
  "test_auc": 0.8677685950413223,
  "test_f1": 0.7058823529411765,
  "classification_report": {
    "0": {
      "precision": 0.8461538461538461,
      "recall": 1.0,
      "f1-score": 0.9166666666666666,
      "support": 55.0
    },
    "1": {
      "precision": 1.0,
      "recall": 0.5454545454545454,
      "f1-score": 0.7058823529411765,
      "support": 22.0
    },
    "accuracy": 0.8701298701298701,
    "macro avg": {
      "precision": 0.9230769230769231,
      "recall": 0.7727272727272727,
      "f1-score": 0.8112745098039216,
      "support": 77.0
    },
    "weighted avg": {
      "precision": 0.8901098901098903,
      "recall": 0.8701298701298701,
      "f1-score": 0.8564425770308122,
      "support": 77.0
    }
  },
  "confusion_matrix": [
    [
      55,
      0
    ],
    [
      10,
      12
    ]
  ]
}